{
  "project_info": {
    "project_number": "64242019265",
    "firebase_url": "https://scorify-b88a0.firebaseio.com",
    "project_id": "scorify-b88a0",
    "storage_bucket": "scorify-b88a0.appspot.com"
  },
  "client": [
    {
      "client_info": {
        "mobilesdk_app_id": "1:64242019265:android:d625fa292d3562739a9d40",
        "android_client_info": {
          "package_name": "com.example.cricify"
        }
      },
      "oauth_client": [
        {
          "client_id": "64242019265-0pmqds08ldpdvsa7233i3ikvm2djo5gj.apps.googleusercontent.com",
          "client_type": 3
        }
      ],
      "api_key": [
        {
          "current_key": "AIzaSyD7b-oXjxpuAUPvKQ-AgTYeUrQp056f0uA"
        }
      ],
      "services": {
        "appinvite_service": {
          "other_platform_oauth_client": [
            {
              "client_id": "64242019265-0pmqds08ldpdvsa7233i3ikvm2djo5gj.apps.googleusercontent.com",
              "client_type": 3
            }
          ]
        }
      }
    }
  ],
  "configuration_version": "1"
}